[
  {
    "id": "aa2ce2f1-ee56-4bec-bd4d-3a86073defcf",
    "data": [
      {
        "text": "About",
        "alias": "about",
        "meta": "@about",
        "userDefined": false
      }
    ],
    "isTemplate": false,
    "count": 0,
    "updated": 0
  },
  {
    "id": "ac6a6509-73e1-4f98-b920-989c29dc4c87",
    "data": [
      {
        "text": "about",
        "alias": "about",
        "meta": "@about",
        "userDefined": true
      },
      {
        "text": " him",
        "userDefined": false
      }
    ],
    "isTemplate": false,
    "count": 0,
    "updated": 0
  },
  {
    "id": "397a4547-29db-465f-b544-4fbef6b50cae",
    "data": [
      {
        "text": "Tell me ",
        "userDefined": false
      },
      {
        "text": "about",
        "alias": "about",
        "meta": "@about",
        "userDefined": true
      },
      {
        "text": " him",
        "userDefined": false
      }
    ],
    "isTemplate": false,
    "count": 0,
    "updated": 0
  }
]